c1,c2,target
-0.7628975877269426,-0.7068080676993846,0
-1.0754357077913148,-1.0511621024238484,0
-0.6101145893578823,-0.9098015729910123,0
-2.02328392122917,-0.4289447199017409,1
-0.8129210479182211,-1.3162056275403429,0
-1.4210565289121548,-1.1734263885821206,0
-1.1200230324050757,-0.7640001164086107,0
-1.6692886070550597,-2.009059601045739,0
-1.7757771963746827,-1.8001677834755352,0
-0.8632662471778699,0.016043021446836336,0
-1.563850877851739,-0.19154271830223857,0
-1.070510589612055,-1.2847260739534492,0
-1.1413343959280784,-1.562068162446713,0
-1.9826813785640298,-1.6988936644011037,0
-1.467769443986793,-0.9973160618157373,0
-0.9544193191640772,-0.4611646316318706,0
-0.679623193113676,-0.856088794689061,0
-1.800032751522977,-1.7278061777575315,0
-1.7972348049800368,-2.307282161834923,0
-1.3640443273716156,1.0445362645337302,1
-0.6385056945354302,-0.5423934457573678,0
-1.3875312155607333,-1.2792174231840117,0
-0.301026400995812,0.09735336026017327,0
-1.674825260346454,-2.6953649996919053,0
-0.45038246850130137,-0.23385036587990538,0
-0.23981099932125471,0.2494598047926675,0
-0.46873232053867797,0.11724239352081656,1
-1.4746146192386442,-0.7920837095821037,0
-0.6020247189503729,-0.9777230029401008,0
0.6228338557509538,1.4206949242295983,0
-1.5822537050243812,-1.6782512298878909,0
-0.6511984895759864,-0.5183448123755847,0
-2.263611564794172,-1.95836011018493,0
-1.3128837095681425,-0.817248061771108,0
0.1944712698064528,2.5997205057333543,1
-1.152921387991757,-1.7548850818201585,0
-1.9107998330571805,-1.927793661003583,0
-1.48154318894588,-1.2796447370099349,0
-1.4738789387330535,-1.3882744948562042,0
-1.224170178418405,0.097356514481165,1
-1.1216399328211029,-1.588587924755473,0
-1.0383682032618935,-1.5091248009411473,0
-0.7373600327637372,-0.41709126918192474,0
-0.7573164134323096,-0.13149387828845616,0
-0.8409279416297284,-0.0068815684890334294,0
-1.0365747872409345,-0.8190068954358967,0
-0.5725644235663707,-0.016101070995590883,0
-0.9601888572580528,-0.8848138773372312,0
-1.1451989163872258,-0.6263463795954588,0
-0.488528737089729,-0.01449550313306247,0
-1.2528970855348953,-0.812643156960988,0
-1.2753627695404064,-1.4326806423022893,0
-0.889933597888745,-1.3697572857871756,0
-1.2270162489382421,-1.0590363578624793,0
-1.0151147357451953,-0.4122192155011173,0
-1.490318857495021,-1.482096396447762,0
-0.5313446056679302,-0.29017451872279,0
-1.5913020073575377,-0.49910474342012034,0
-0.26253591423882394,0.16580744823670956,0
-1.7953242274068844,-1.5529856370437907,0
-0.4678467875889867,-0.476326207926137,0
-0.524356534820454,0.372598177695457,0
-0.6819275632325525,-0.6543028923969857,0
-1.0074353223695713,-0.3913720896633802,0
-1.4960952847710873,-1.7674478727317746,0
-0.2735825101737366,-0.20270530184499524,0
-0.5288083693759786,0.47282984848985243,1
0.009167479297303327,-0.39546560237152784,0
-0.884965185997322,-0.5732426165079334,0
-1.331746240189491,-1.020370325818634,0
-1.2300705727456478,-0.7514764315388744,0
-1.4446403192945616,-1.6648183395624312,0
-0.9582965441611517,-0.5164179107690373,0
-0.9936015036046187,-0.6990043244151767,0
-1.2281707727098816,-0.8484422872137455,0
-0.80772223924548,-0.08125705417731455,0
-0.9652936743477167,-1.401331012344464,0
-0.40293133325147223,-0.7201668384872657,0
-1.648509241453534,-1.4282681456067101,0
-0.8935700703174306,-1.4232731579607176,0
-1.5510072031348772,-0.8077558729067704,0
-1.211448434939349,-1.8252935250383064,0
-0.36605660416485564,-0.28102416645502826,0
-0.42316057264750717,0.09205217104479457,0
-0.7807979404452426,-1.1468629058695101,0
-0.4639496130954771,0.0017973209619752684,0
-0.31915757119997434,-1.0441261724813038,0
-1.6117340445477615,-1.0030374813975897,0
-1.1700318226784794,-1.7149381139114181,0
-1.1489724935336658,-1.608764881506302,0
-1.4791468510446153,-1.3674239922293807,0
-1.5049860502397547,-1.6593534304238668,0
-0.4565475203365241,-0.4021048651105761,0
-1.3860064306194253,-0.8296975305133558,0
0.07504580480020606,1.0085367351334695,0
-1.1730654891757664,-1.081739712420279,0
-1.5079916613350013,-1.8516347743448522,0
-1.9632539848220887,-1.5935374703274827,0
-0.40005755505345775,1.944424332649311,1
-0.23874833428776987,0.004150484345520011,0
-1.3173840593696031,-1.3622762223307203,0
-1.2418985397115585,0.8773100953068786,1
-0.9215446748403496,-1.2902771278342193,0
-0.43219435389467575,0.4075391293626991,0
-0.6017857022605697,-0.7519812405789613,0
-0.8871388840379574,-1.2629640309426582,0
-1.2102180630426478,-0.5542654291177509,0
-0.14423873509328555,0.05357058199664766,0
-1.2897624381320127,-0.7604575776547018,0
-0.41971558844651535,0.3404682829871575,0
-0.8789995764391594,-1.3205676924069487,0
-0.49348725307009467,0.2960675048791379,0
-1.5347153395581272,-0.8703899064839604,0
-0.08041637832907722,0.08574954015161995,0
-1.279643488694385,-1.4180032802176532,0
-1.0532710861829995,-2.497737511567431,0
-0.4193672223729993,-0.37144791809855926,0
-0.27944492189190073,-0.671849361596139,0
0.057828307226124975,-0.2362904772088702,0
-0.4791501894593373,-0.071508624068499,0
-0.49732346712978837,-1.3172577171967388,0
-2.6265185061559873,-3.029243970677585,0
-1.5616584114211978,-1.4252883354662749,0
-1.1084416633791727,-1.0434270237767023,0
-2.1166536945187477,-1.9202889821473335,0
-1.9718163770901869,0.41126625536689343,1
-0.9053395445298003,-1.4004896131001607,0
-0.6499579133840405,-1.0172075726850964,0
-1.6613824550227454,-2.7291145543588957,0
-0.4320921885840229,-0.611077656987405,0
-1.9984988031540851,-2.722180554897124,0
-0.8016707424479045,-1.574237822735559,0
-0.29875161979032605,1.9980583701206278,1
-1.649622140366127,-1.4529266225206947,0
-0.7689746935805404,-0.3533154486227693,0
-0.31172864666433264,0.13999135721381184,0
-1.5629718424899801,-1.1651440343966604,0
-1.6709374450695562,-1.096995849352035,0
-1.240053231992996,-1.2098959597215844,0
-0.7982305382203982,-0.8383980166439489,0
-1.312088263512425,-1.9634698550109269,0
-1.9185997098964607,-2.522797961145542,0
-1.141873073977865,-1.3328904652607205,0
-0.8156253120313911,-0.7128979012277054,0
-0.618744426141707,-0.3440854903765441,0
-0.7789155234606294,-0.8195275053178738,0
-1.343082555710529,-1.7828664336262912,0
-0.5646794286186128,-1.201265271784255,0
-1.3505309518845112,-1.3689938349670454,0
-1.1810468761866715,-1.212316916529573,0
-0.7737581910618585,0.550079189968463,1
-1.0432353807054984,-0.3879589510895961,0
-0.7218639379524372,-0.504954768898044,0
-1.1528380130265052,-1.0986889846199197,0
-0.47423684735820293,-0.6698290660091414,0
-0.12593674206444705,-0.23674315421978975,0
-1.1984186126333494,-1.6445870799307942,0
-1.5108312091876925,-1.1255736805363936,0
-1.2408203089882552,-0.9754322988206038,0
-0.3660321552072986,0.4073215435830637,0
-1.712142716414189,-1.7433354868968913,0
-1.1101540100530374,-1.478588651881914,0
-1.359228605771365,-2.0702658752400005,0
-0.509320694506303,0.15595038887068635,0
-1.0781871891843917,-1.1721040862601624,0
-1.3200023107600698,-1.676180942197966,0
-0.21724580529079496,0.7189409251934871,0
-1.0611758995162668,-0.6449074921887668,0
-1.2388341667546856,-0.7321091263243802,0
-0.37249103681404494,-0.13203036539933488,0
-0.42191384344298377,0.5244397408585848,0
-0.6135620405564065,0.3260433093816677,0
-1.5275863913191712,-1.878893387936361,0
-0.6500117657365214,-0.10852641772364824,0
-0.900415475744464,-0.244829209558992,0
-0.7491090478709147,-0.7969618354153444,0
-1.282848184860858,0.9039706713348673,1
0.11132364313284393,2.2863332771641316,1
-0.8771475557395643,-0.5692968710023136,0
-2.5890138241985277,-2.9741077083209575,0
-0.3888022157755232,-0.06302514483406907,0
-1.9453278146892068,-1.9274656257779141,0
-1.1344955571626305,-1.5729231219263609,0
-0.9034117642470597,0.9005523889305035,1
-1.883294286751382,-2.2257509256785966,0
-0.8147001539217638,-1.0451980796286342,0
-1.8624855006704055,-0.698257921273176,0
0.6954751091305986,-0.023411750801517694,0
-0.35703045137822154,0.40933266190481765,0
-1.1910834359565416,-0.5818236790846818,0
-1.1431730836021132,-0.766613252522557,0
-1.30106599783826,-1.3838766834898262,0
-2.1699890085763722,-2.4938774664824717,0
-1.9417794823555479,-2.2413440417804207,0
-1.165486244151691,-1.015914782093114,0
-0.43482345508157016,-0.8153531060419117,0
-1.9443568996117429,0.38443410309923975,1
-0.3134878308460417,-0.6333543011690462,0
-0.5693175248286274,0.053245456578490336,0
-0.8369439197337983,-0.534435257966921,0
-1.0635805130266922,-1.379816487408263,0
-0.829055458146597,-0.7782451132544198,0
-1.118084911128009,0.3535406527296855,1
-0.6606009945264679,-0.6778819772499622,0
-0.7558465421961427,0.09185801664164983,0
-1.816039822306924,-1.249334135694172,0
-0.2526952143430047,0.5170976570691017,0
-2.26217843558303,-2.0893286314607247,0
-0.5483781953895933,-1.9930036358177632,0
-1.6909347083372261,-1.746662862176505,0
-1.9830337558123547,-0.09177567384714824,1
-0.6188288425904849,1.4181598215000084,1
-1.1558140775514079,1.7930101186977998,1
-2.356408301533272,-3.029852648655128,0
-1.3069256782200225,-1.100391075546731,0
-0.9321545190855725,-0.8017192600842205,0
-0.2618162344786137,2.0665415560846006,1
-0.8766354402959418,0.9874292839819713,1
-1.0636340971422322,-0.6045469603594493,0
-1.126998189055235,-0.8751234156530145,0
-1.2073461063043762,-2.4741993803419438,0
-0.8361755111029622,-0.9384721735495816,0
-1.440402254894361,-0.8913763398250194,0
-0.762324910861861,-1.074919324822226,0
-1.3687639033839079,-2.411616873479083,0
-1.5436217652050703,-0.09730530038821184,0
-0.9556082565793235,-0.9429203878115971,0
-1.3934125125254377,-1.8929439751192876,0
-0.970145579018889,-0.9255570800103831,0
-1.1629482823922446,1.3554764653556202,1
-1.4495723454382508,-1.1835927254996081,0
-0.8604184298579638,-0.6179321023421184,0
-0.19070346491299295,-0.6964080177840244,0
-0.7271211564899371,-1.0049237645163551,0
-0.6582515185641116,-0.11816682633553333,0
-0.7906658047850365,-0.4471140290588458,0
-1.6199977162414725,-1.8382663306653977,0
-0.761935073534474,-0.31956312421753175,0
-0.6973835032495785,-0.8615001242432377,0
-0.19262736667617808,0.05513427409451577,0
-1.0466302497595708,1.0102763044152343,1
-1.329717673515745,-1.2454325027817275,0
0.17201989135387796,0.6898852959826776,0
-0.7987393963451298,-1.4225263717506813,0
-1.1663942008490784,-0.8292899163593104,0
-2.0210630856220515,-2.876941774239266,0
-0.9523547259072188,-0.2053010763909736,0
-0.3526910818925443,-0.5989811710631638,0
-1.0582267984671314,-1.3886987340630121,0
-1.1950190273914136,-0.8641261850592238,0
-1.0157779185502982,0.8796559742667021,1
-0.8568035224748303,-0.2181732762390488,0
-0.40622347123739366,0.09855650633666202,0
-0.6668847285088124,-0.912471925992612,0
-1.034066982466267,-0.9257436909085215,0
0.13521156859726724,0.7970304837939215,0
-0.44626471309550164,-0.3377042632676891,0
-1.5238487143725372,-2.085947107635172,0
-1.1671348697642032,-1.6682782368098379,0
-0.29843824267936003,0.8652980397193957,1
-1.1056157634130273,-1.7092402089299716,0
-1.3222093167224047,-0.8716973087044504,0
-0.19352703497444312,0.9261878432033035,0
-1.0261297415908561,-0.80983203112338,0
-0.6787275014659762,1.2359157146968698,1
-1.6358998395919309,1.0803704738855189,1
0.30548233063693764,0.9696897870631915,0
-1.6641754735123093,-0.8776323928050237,0
-0.5922307447835589,0.08354517514218163,0
-1.722771110588959,-2.1425708925938416,0
-1.7606064402569919,-2.97244654624075,0
-0.3287438148614913,-0.9630259785801966,0
-1.1189725825791172,0.6562839754720846,1
-0.4795875736666607,2.3997733252530864,1
-1.2379225697016574,-1.8175983308098727,0
-0.13063999355281242,-0.7996327078796464,0
-0.19559334991114874,0.021473955688269264,0
-1.0508709958539457,-1.0836696445685512,0
-1.2331436609199857,-0.7642814310479442,0
-0.9359876733130422,-0.9183800445202152,0
-1.5386055765276963,-2.1710403646478738,0
-0.4434924657792002,-1.169339259245024,0
-1.2729661268623271,-1.5302260814642512,0
-0.4616820633839688,-1.4205139313434025,0
-1.1328482349472782,-1.767879910192042,0
-0.9012043012701346,-0.749934735520801,0
-1.4574147945302607,-0.8355115834017763,0
-1.511796649674465,-1.284807289957781,0
-0.7841880569102132,0.11471425976662097,1
-0.47596123066649865,-0.7549815945889824,0
-0.691499573287349,-0.5134136407848324,0
-1.4639752611206145,-2.108946997215961,0
-2.761013835285179,-3.3673269816236844,0
-1.4124486982254691,-1.3928441406395273,0
-1.4703039570538348,0.2625076910718297,1
-1.3222650501132045,-2.4470824389158308,0
0.21332641272336916,0.9040604212171024,0
-0.7621643075256598,0.11322506676033628,0
-1.9268474662265653,-1.0938350970114887,0
-0.4179080947583895,-0.4474124881069702,0
-1.2258517302826086,-1.626722133039694,0
-0.6291320574433175,0.23829397461923607,0
-1.3461123380204345,-1.121541377848655,0
-1.215456914404625,-1.160713075237157,0
-1.122046743285529,-0.7575390021415802,0
-1.5827326664496724,-1.427393865390316,0
-1.3104443281485318,0.5969366909082376,1
-0.46650628210256984,-0.6386618610057412,0
-1.1265044107238604,0.8670773977663189,1
-1.0878687014837436,-1.3597743151368433,0
-1.0011719567220179,-0.16414164117227303,0
-1.0759559618739787,-0.9344350999107934,0
-1.6843240438216838,-1.769769934449857,0
-1.3624174741382389,-1.3298660586764937,0
-0.5110291969340477,-0.8346996175556439,0
-1.653626117522371,-1.2750891193967637,0
-1.186001691833266,-0.2992513801129184,0
-1.1041355068191105,-2.1794752362139693,0
-1.647098501502221,-2.6347061342198375,0
-1.4041675253201733,0.8964760168350112,1
-1.6103645979789922,-0.48790840960490944,0
-1.475978911997989,-2.3410667495878155,0
-0.053089050690268924,-0.5369596958514835,0
-0.9398959873357998,-1.2330265192704675,0
0.48850778752683666,0.2715764443605242,0
-1.2478619186563078,-1.2009796097505556,0
-1.711573397005112,-2.553770466949601,0
-0.9744707284165699,-1.6192915316414132,0
-0.6344511037399154,-0.03498968058866936,0
0.09622987088776469,0.331363918633931,0
-1.4396266415898933,-1.6981915063846862,0
-1.2393164636752634,-1.7095169552444642,0
-0.8675890451166034,-0.9582528214056744,0
-1.4340429146351483,-1.7260010910844494,0
-0.28012342470200824,-0.831469863114477,0
-1.3050497914455597,0.9432141618438875,1
-0.540988730904384,-0.5167663852147231,0
-1.0829022702450788,-1.0274019840974662,0
-0.17004426794113792,0.49933714657646067,0
-1.5238892057468736,-0.8659478834863179,0
0.07988152323789177,0.37873597223130995,0
-1.2506967184054667,-0.25454174752063097,0
-0.8412610701225021,0.34959300516720604,0
-1.4259080667066264,-1.8515003111791417,0
-1.6085422626290053,-1.0639612531543128,0
-1.51531895506354,-1.4025122936546892,0
-0.8242549006540075,-1.4588447311791604,0
-0.7743532487641224,-0.8565992535539528,0
-1.5063799951838894,-1.2898419608128853,0
-0.9739881744556288,-0.5449747040274575,0
-1.6145419762017417,-1.2157582744998452,0
-0.9898616298099968,-1.5221508606286838,0
-0.9197434642386435,-1.043965922886314,0
-1.0597647058070505,-0.9481210567531444,0
-1.4824299435164456,-1.3829409763461653,0
-1.2206692899965448,-0.46201262348009164,0
-1.149097273608221,-0.9204185247768921,0
-1.172949543493234,-1.6875287383195934,0
-1.1528733551440369,-1.1856433899953844,0
-0.8706342984522943,0.6446179803175404,1
-0.5772694910937235,-0.32610656025125084,0
-0.20974742948522862,0.1851774060563891,0
-1.5006698743227664,-2.7912102506823464,0
-0.570400416341577,-0.5088370123293426,0
-1.1300574496840934,-0.7067708501664451,0
-0.039216911084541506,0.4112944879011591,0
-0.677550576797471,-0.008641324793264848,0
-0.17733270789554367,-0.1822300448768045,0
-1.5608891894338557,-1.1676417519494597,0
-1.9036935594366273,-1.9381579478152977,0
-1.0717561052317197,-1.3803455986533715,0
-1.8394286098458184,-0.18798471679501771,1
-1.2829128611071159,-0.16486662080147219,0
-1.226040461190248,1.4623718866166528,1
-1.4465890393141887,-1.2456283895993294,0
-1.068871376630649,-0.8896423223584234,0
-0.5089535991214764,-0.4592129821121308,0
-0.3117063397919986,-0.011180232054402772,0
-0.49014839650753306,-0.7421270280123433,0
-0.6691682472191584,-1.157860800614903,0
-1.0739855417497701,-1.9643342837599378,0
-0.8197117025788375,-1.1688289209986344,0
-0.9387747556931662,-1.4836376977888641,0
-1.5568860738765105,-2.004934249638396,0
-0.6510956582151274,-0.38289922673295906,0
-1.1110327707003504,-1.6312831227370048,0
-1.2316759696273618,-1.5858982815450045,0
-0.6079420223282219,-0.5661092800687189,0
-0.4994364450215182,-0.20663213392142166,0
-0.864309396219306,-1.149962383317404,0
-1.3676229609116144,-1.2044953221326586,0
-1.3607528695537376,-2.200533936943226,0
0.08735711596045803,0.21044960683443992,0
-0.6234300045523906,-0.7361643082957602,0
-1.1179805537425946,-0.7577411589242574,0
-0.47512502974146664,-0.9824304731694823,0
-1.469791624753507,-3.2464378911841574,0
-0.84595886635017,-0.6653294643739995,0
-0.8098737992948728,-0.8032505094322666,0
-1.4105504076255309,-1.785077282723632,0
-1.248077195583158,-1.6247920807936491,0
-1.2624824435575244,0.5051098093283544,1
-1.2890775438327418,-1.1233586444077526,0
-0.3755953571090861,-0.16737144842457152,0
-0.5950732409011539,-0.5779366296044808,0
-0.03711272625199846,-0.24853413302826288,0
-2.19520133321692,-2.5140943185391675,0
-1.1749599561403745,-0.543942807809846,0
-0.82830551481411,0.8981913810453859,1
-0.5014593374434472,1.6920563180954664,1
-0.58661929328262,-0.2724825436662457,0
-1.3630143141945634,-1.1521709521139791,0
-0.46254871028891387,-0.4880157036531255,0
-0.5918901966643824,-0.08175993614288413,0
-1.254987905702727,-1.4771601340261409,0
-0.9577636589448288,-0.7832233796766525,0
-1.6531980137862965,-2.33802771228724,0
-1.6152681345407087,-1.9693378559785255,0
-1.095828743744647,-0.5226649451639838,0
-0.7897324140107854,-0.19851879941146722,0
-0.7953616615313752,-0.5718832707176467,0
-0.4551696588005333,0.32367123645316354,0
-0.6307125873620956,-1.666241693227208,0
-1.0709432610263905,-0.48793556185817355,0
-1.29937707430213,-1.0866852137377705,0
-0.7917305678355179,-1.0155338590147331,0
-0.8142732302167577,-0.36083085441939644,0
-1.6077594988810948,-0.4531565931753361,0
-1.4000248127409762,-1.2536520461386338,0
-1.9049954517011152,-2.0968429515422535,0
-1.6462946005389985,-1.6555340699439562,0
-1.5394101223792762,-1.3381547568419183,0
-1.2312752031883603,-1.2793430661827148,0
-1.2042868712801122,-0.5909712626471961,0
-0.37290634773297937,0.1969591211737629,0
-2.059748038185088,-1.1415285111605873,0
-0.9084289782971954,-1.0471778861475163,0
-1.962189671578995,-0.317489093557628,1
-2.1127115977272313,-2.160075904260781,0
-2.5857055217885825,-2.672272595037038,0
-0.8521339356357698,-0.9021633472215974,0
-1.4780769098668056,-0.903419208508556,0
-1.4463450750706646,-1.6481380323667811,0
0.2851006421395159,0.5069668013615165,0
-1.4102945856516345,-0.7263691242985766,0
-1.6549363671360857,-2.2500915732715665,0
-1.894761747710824,-1.2590013270701241,0
-0.7987292494224171,-1.3687693024042429,0
-0.8011551072506318,-0.44452442642929,0
-0.34691062379505255,0.05150475839546331,0
-1.0435276337761856,-1.4570656858205395,0
-0.4207648187101163,-0.13724176970516344,0
-0.35459197879336424,-0.8313366500397372,0
-0.44306353237148244,0.16452246309244223,0
-1.2023716400569122,-1.9983505288454597,0
-0.7884441338061492,-1.2051798323380987,0
-0.767881648275631,0.23170986237186653,0
-1.0550490138043138,-0.4612786606845345,0
-1.110654370207991,-1.1741002966882221,0
-1.4774759619888913,-2.5025082395838583,0
-0.7508094248826462,0.12941699051208233,0
-0.9770992134147288,-0.6791700761454594,0
-1.325234438739327,1.1699824031999768,1
-1.4039706044682119,-1.387989379987276,0
-0.23641751250432563,-0.6681971216120501,0
-0.2993739008566719,0.18337148993145225,0
-1.4041995037380008,-2.1648481982650765,0
-1.7184226740195259,-1.7101364681142974,0
-1.3659910159724182,-0.5579008647384625,0
-1.9143795023045949,-0.09612109975188021,1
-0.5772133169471125,-0.7620521168985466,0
-0.9317017645469545,-0.6728777750175281,0
-1.5924689165055477,-0.6943818565219373,1
-1.2674592951015078,-0.9243929343697568,0
-0.31531884747564354,-0.11518309880568045,0
-1.0310643128932862,-0.8741618103642207,0
-0.24907791248325284,-0.15476981124922196,0
-1.223491171067801,-1.2543250478019563,0
-0.96927624101711,-1.3027537006605763,0
0.10698926105028761,0.657753363210545,0
-0.8289022309905479,-0.6663308789027456,0
-0.6856148403343963,-1.4448285372430867,0
-0.9874425050159302,-1.9426071659351591,0
-0.5939005488809213,-0.2726283784949912,0
-0.9939770132012742,-1.2731002529509625,0
-0.2864367625262292,0.30664538696533117,0
-1.1228100260348983,-1.081492114458423,0
-0.21173918137601988,-0.5839980191423579,0
-1.388310357108473,-0.7804735808899844,0
-0.3474190534004481,1.0213868039267757,1
-0.22191774691285537,-0.8595686418537286,0
-0.6309263989748872,-0.7751493386276714,0
-0.6195975259807252,0.22564431937932872,0
-1.6486266644025889,-1.215099710170609,0
-1.196582359421173,-0.8698894172361405,0
-1.6767642087229713,-2.4016755370323777,0
-1.5255154458566973,-2.376336873183403,0
-0.8859579279488903,-0.7128614707364059,0
-1.1098042351903306,-0.6269497614556861,0
-1.5642973393028927,-2.3860128272914416,0
-1.644579497068924,-2.113178458201628,0
-0.7909744676975191,-0.46283877469631707,0
-2.478887042492496,0.09401948220243206,1
-1.1681707922269005,-1.476075558355114,0
-0.8616605325784398,-1.4022642931795128,0
-0.635988903498496,-0.7408194131215161,0
-0.31789721029411355,-0.3522847809625873,0
-0.405155743767486,-0.3874228484499862,0
-0.42360218202160904,0.13339265779809528,0
-0.7045508957990676,-1.190187846684548,0
-0.45048539488856487,-0.7431977956073765,0
0.017854640298201385,0.8129544397102435,0
-1.4822528391771546,-1.6945627520047366,0
-0.8965405293684234,-2.166322909302335,0
-0.8253005447722596,-0.7094346298575301,0
-0.9063357765138912,-1.0359303448788695,0
-1.1454660911027847,-1.368883754359562,0
-1.8864301961385255,0.5601349791925656,1
-1.149018034888463,-1.3895856750171338,0
-1.407303502511256,-0.8718603445028869,0
-1.0255597818748474,-1.1279529331921772,0
-1.2657565702944857,-1.5945573785053009,0
-1.113617815343226,-1.6823899492876162,0
-0.2702731029322242,-0.5534613500969106,0
-2.301645709322396,-2.2306886264436603,0
-0.41237878710186504,2.7497856129051312,1
-0.7721827667207236,-0.7473916248565705,0
-0.7414203029385281,-0.0901882262879602,0
-1.8290481199509332,-1.8072738460244984,0
-0.2824226768424215,-0.9619352719835426,0
-0.96521351769556,-0.8667924758530151,0
-0.728261720127727,-0.34832739404318647,0
-1.592358435651812,0.007139903262652569,1
-1.3518081948982172,-2.0718794480721683,0
-1.0731921413503116,-1.183613711997746,0
-1.128845756576682,-1.6676270113482903,0
-0.3368837855171476,-1.2582119258389683,0
-0.83625947231092,-0.19949023138787658,0
-1.0861792272537485,-1.6146411441645965,0
-1.0095598908662875,-1.107324200634457,0
-1.7449497503064517,-1.5272118409415874,0
-0.3186724231477899,0.062979581069454,0
-0.4764224443405114,-0.22483960490544963,0
-0.3985418808959347,-0.24525702535895488,0
-1.5613935496746922,-1.81365981647828,0
-1.4549288710699768,-1.4311230781523312,0
-0.5405234217675841,0.03134087452972101,0
-0.8665740647154905,-1.0179440973891163,0
-1.2628549252845152,-1.2496310161958657,0
-0.7664133888621718,-1.597370547104634,0
-0.29605767582550124,0.9529274086679993,0
-0.48797412575718857,0.11941460567492612,0
-0.7482783606078995,-2.0093074058950906,0
-0.16223866152735889,-0.5371741236904181,0
-0.3689536859208514,-0.3215346996872901,0
-1.029122775632527,-0.28577061219353717,0
-0.9563460988584079,-0.9507333863638436,0
-1.3224313627994944,-1.4842337499827303,0
-1.3316839150857218,-0.40514397618016107,0
-1.2351127755597513,-0.5477741890978931,0
-0.5300994624168183,-1.3420468998869266,0
-1.080684164366763,-1.7567496931957418,0
-1.6744786987997724,-1.5082080245712552,0
-1.418127225046218,-1.4612483591652954,0
-0.9536259013617981,1.4433182780365597,1
-0.8588812712725912,-0.9766643152099455,0
-1.3278887206984076,-2.038903061533269,0
-0.4170316570381234,-1.7965439495180955,0
-1.511474875652755,-1.6917850624440285,0
-0.08919831528522804,1.9121900805621124,1
-0.7581344614126723,-1.0720350761026785,0
-1.0843781098801983,-1.6972100445253302,0
-0.6647278504552161,-0.4592065291252152,0
-1.2415912801158593,-1.61069279338315,0
-0.33657265872853204,-1.1907676223491204,0
-0.398144733680877,-0.1838914642064049,0
-0.9585682259075471,-0.5783663577842986,0
-2.1270942778251687,-2.688529000785616,0
-0.6974613088095314,-1.0089705339296622,0
-1.7065753941682937,-1.751202114996865,0
-1.2786350488138158,-0.9492749288331243,0
-0.274504106309423,0.3679620402007151,0
-0.9091460467721977,-1.5526541981957551,0
-0.811830370147506,-1.6465691975224646,0
-0.6541186329686877,1.6554759050809533,1
-0.3220714932973956,-0.704197955638785,0
-0.9984560085591259,-1.2366389476845592,0
-0.9174112951823672,-0.5342160552142199,0
-1.7109323018947515,-2.0222924406371945,0
-1.6300496123522428,-0.9265590083970942,0
-0.7181373929149091,-1.0594937510368263,0
-0.23165468225544417,-0.05224053608728507,0
-1.661568009192874,-1.2258410727901725,0
-0.6396189219091002,-0.629775476287677,0
-0.5370373556862507,-0.079026429620221,0
-0.6725649177424764,-0.19165907844787067,0
-1.190952705781459,-0.3578517759787788,0
-0.8649094451618675,-1.2586288990399968,0
-0.5066925609730841,0.3265907283839937,0
-2.2133328793673455,-2.0066953952836326,0
-0.23565691326680405,0.49913740860544054,0
-0.9639219596951185,1.4306770409871283,1
0.1260958915493513,0.17583554899959708,0
-1.142372820588444,-1.3577824504101768,0
-1.6155260826841862,0.7350368846835409,1
-0.4806105004510879,-0.39722286664480955,0
-1.8930790874142946,-2.746921928643925,0
-1.2489345084719705,-1.1179984196093187,0
-1.024380566083106,-1.2684538326201005,0
-1.4528372521098865,-1.6192525279745267,0
-0.19688513197486013,0.22646521251296647,0
-1.6219396764989567,-2.2797010014593715,0
-1.97597036491708,-1.6882126161012547,0
-1.1220810919045847,-1.2676198320562744,0
-1.1125588048360389,-0.9560931028014934,0
-0.4327407406558754,-0.9053348832654594,0
-0.48489942089673854,-0.11337464991502788,0
-0.7793217577281941,-0.31614284898507117,0
-0.18421654796140752,-0.22212027685504632,0
-0.056621374688651804,0.8261938419081696,0
-1.0577871639763778,-1.146518273991451,0
-1.7560749057071159,-1.8641021387879468,0
-1.4234465883628775,-2.657400451704909,0
-1.5081605549733492,-1.6222603123273909,0
-0.7356057559304472,-0.44958897343612403,0
-0.8480079969262775,-1.4629072819108249,0
-0.6682344581362998,-0.8865262392917896,0
-0.8801388577951987,-0.5351108112773053,0
-0.2073436370156384,-0.3121877265756282,0
-0.8530781406331935,-0.5113050805112802,0
-1.3987537420910885,-1.830845879895,0
-1.0014234044891082,-1.1761747596158325,0
-1.0713287990349405,0.4977516585514288,1
-0.33495877382295813,-0.8201455036241029,0
-2.0014948067466465,-0.16092720444988484,1
-1.626937536257876,-1.3895037923746973,0
-1.7222102825215715,-1.368000047797625,0
-0.7890183637284445,-1.4360811611914381,0
-0.913159228074044,-1.625237104856938,0
-0.04538128291456045,0.4292121877508859,0
-1.0986720772027094,-0.16841321416314214,0
-1.1362324375377175,-1.1107853330784847,0
-0.8147991243876052,-0.3801458522445438,0
-1.6335841978621728,-0.06581347806013538,1
-1.1697130689342838,-0.8930602434028329,0
-0.7408648792322132,-0.7699458858004072,0
-1.0420683104127564,-1.1821566460667177,0
-0.6750491845676545,-0.8861856172966994,0
-0.9462574429590564,-0.7924736675008061,0
-1.5827883908579041,-1.8763775356116075,0
-0.11595132206035885,0.12068126350290043,0
-0.1628327551208696,-0.34640109879655,0
-1.3883929533293329,-0.17392281312473046,0
-1.3076243670796523,-0.5138312364879051,0
-1.0230118026944737,-0.7586116488590277,0
-0.913363028068749,-1.0333786385372512,0
-0.38923810943068704,-0.38368291374785135,0
-0.5088721248266437,-0.5083309646233035,0
-0.7938491858752688,0.723631190818651,1
-1.185592078533105,-1.1918185619500843,0
0.34193311083683886,0.6046124834456486,0
-1.3972866442750855,-1.0095229955658636,0
-1.558009082113546,-2.238848716302374,0
-1.6124922898597864,-1.9261135332969155,0
-2.1335182555464662,-3.1766643587761565,0
-1.5228662222847424,-1.979662086168771,0
-0.6636050374043458,-1.513164905581022,0
-0.8980244663859371,-0.2458957913033355,0
-0.7897118499050029,-0.1263416218307981,0
-1.177771548803427,-0.5942910544297024,0
-1.23796960233288,1.3149698902002922,1
-0.9857963615872566,-0.28181431895353026,0
-1.036831910511326,-1.1994521083570602,0
-0.4433901917293164,-0.8916441608226526,0
-1.1845078782860732,-0.8562398968831368,0
-1.2554197438925994,-1.1454567835529967,0
-1.3653975406005117,-1.4380482200141735,0
0.2663931109163311,-0.3398121717118958,0
-0.5577153718848569,-0.9063172458272102,0
-0.7081911011504254,-0.2903431579540291,0
-1.7250956151600043,-1.4250748693284585,0
-0.7909116004026033,-0.11675729819855196,0
-1.5305066858016132,-2.0536087685870945,0
-0.6554221601483629,1.0080898039868853,1
-0.26202122020784535,-0.29149448860033955,0
-2.282189352184694,-1.857523916802792,0
-0.32688995932506393,0.55396092896621,0
-0.6758990576810696,-0.31048700139511054,0
-1.8763976072689645,-2.511015260683126,0
-0.6967289497934319,-0.6556779678292008,0
-0.5969302108358996,0.9786001785871961,1
0.15723584816613756,0.3095088037165856,0
-0.5422140524692007,-0.738256647360209,0
-0.5506843697627036,-0.448958490703419,0
-1.6348291561627035,-0.903522375413379,0
-0.8666697671181023,-0.8438651967649216,0
-1.7668651521192607,-1.773408724866366,0
-1.0060123702684065,-1.5819814380558213,0
-1.1638380634165877,1.2487950748835428,1
-0.6879339395257659,-0.33899312020237327,0
-0.10951251457550903,0.24927474393040527,0
-0.8628459909732157,-1.1513918664648222,0
-1.5393415910365391,0.6807933916717168,1
-1.1387317076112655,-0.4894365343576883,0
-0.6966224875619326,1.770342093711561,1
-1.3956031996780627,0.925475218634208,1
-1.3044813534425765,-0.917275878105381,0
-0.4932133736101033,-0.7395276087385267,0
-0.9200064917407159,-0.9206849572616069,0
-1.1096468058648814,-0.6341567910121966,0
-0.5210458681230679,0.688494805680175,0
-1.0494651492139695,-2.0526003700692868,0
-0.5022587089214469,0.3858958823793406,0
-0.16016964640733067,2.001669407689697,1
-0.43282763219879516,-0.7740430441504709,0
-1.3961212873207938,0.09844536714894492,1
-1.0226532602584033,-0.5101295910198957,0
-0.5898967850023664,-0.7381988948114373,0
-0.5241409105068419,-0.3338999912981847,0
-0.25128056926007225,-0.39377203087831414,0
-0.4315402883705338,-1.1664263859168695,0
0.26671372903206314,0.7785882662141621,0
-0.2782023000301861,-1.0438932351157733,0
-0.6050985156100432,-0.8158312088463215,0
-1.309484934225574,-0.9535494441505507,0
-1.3856417766670541,-1.0555043303843468,0
-0.8016891331118395,-1.4869040090634034,0
-1.148639557912575,-1.0983331958172224,0
-0.13721110629225375,0.2878200404237832,0
-0.8411344512632316,-1.6879248591975586,0
-0.4577876620505952,0.20270670440191263,0
-1.6879464592419477,-1.4379636018538635,0
-1.0363196877502752,-1.2933849957444792,0
0.0987775298024487,-0.15432346178573308,0
-1.1704179221728948,-0.5567315398792598,0
-0.8327375899463619,-0.20117602531629675,0
-1.7437061409861392,-2.735331655696051,0
-1.2639271862843642,-1.2842373513596497,0
-1.8988725759397163,-2.032331476743476,0
-0.5297582427824057,-0.13599097892738776,0
-1.0022109917775737,-1.0942997943804273,0
-0.9418830060545984,-1.1924966876153256,0
-0.8739011089870785,-1.03741163166043,0
-0.40152592963054967,0.38704772649118757,0
-1.553315736833925,-2.1451710077349064,0
-0.6794780136774279,1.2782330046916879,1
-1.6115228507102137,-1.1784472099088754,0
-0.6372211484576108,-0.5067954384736286,0
0.0234501183004987,-0.04687047219423557,0
-1.5352183653020133,-1.370593058919138,0
-0.9571117167437433,-1.3585499996289616,0
-0.7227920795653047,0.22697058395126302,0
-1.2559814379031091,-0.8827052802970539,0
-0.5007325471818245,-0.36913895922611706,0
-1.0592025927444446,-0.7867229165387557,0
-1.0107567146618837,-1.1561945439752583,0
-0.31042495922904867,-0.21089418968294538,0
-1.4674242993831763,1.4954513144199868,1
-1.3744741429136573,-1.2430329277866123,0
-1.6951766212874837,-2.0328322405932697,0
-0.3495136619824566,-0.9193438408722486,0
-0.4648545978799956,-0.43566558355434537,0
-1.4669033161441174,-1.147571413127755,0
-1.4363915613010034,0.897233634548683,1
-1.1206689011980242,-1.0427529489307623,0
-1.711930911708599,-0.9264606550404342,0
-0.3686623885546253,-0.18327069329984835,0
-0.2825263679124095,2.4821045926617993,1
-0.33628184590765053,-0.8303899210529069,0
-1.5800869039433993,-0.762993503818967,1
-0.984897334568889,-0.2153343733969113,0
-1.620690206668185,-1.4789500912907851,0
-1.0157939066346675,-0.8421337459183569,0
-0.9913589469879123,-0.6945952334143437,0
-0.31441388635023504,-0.7948641535809636,0
-0.3669453496453291,0.03782495848089695,0
-1.27952171048174,-1.313796356757256,0
-0.968064565089175,-1.6894892312274914,0
0.44537417983796357,1.4574916468762504,0
-1.5981199396483512,0.20725379068095662,1
-1.1350357586338653,0.5165878832945578,1
-1.463148956102775,-1.0288683256586788,0
-1.2442953826361858,-1.0111648672370852,0
-0.923914154903061,-1.0065212101749748,0
-1.275305794525234,-1.3253236418953354,0
-1.3806687659192782,-1.0118296324590614,0
-1.015573410683869,-1.0666987132941428,0
-0.7658991185363557,1.3095677883075596,1
-0.7367929832144927,-0.05475499429291786,0
-0.7770191250025622,1.6075164573020584,1
-0.08707406250134253,2.4362618961297122,1
-0.8702230833089396,-0.8966802925656127,0
-1.4375628034402579,-1.672914077364013,0
-1.1506548375202765,-1.1326135756500786,0
-1.9304364310552775,-1.6938734106378015,0
-2.53594951129198,-2.568239125551324,0
-1.5092210825768708,-2.119485152099498,0
-0.7022833028454072,-0.7304824221250611,0
-1.9084887748566781,-0.7838144910830557,0
-1.492517078046833,-1.821372767924264,0
-0.7291622328611159,-0.4257407619215845,0
-0.05310087202008518,-0.25459894670521455,0
-0.8121006391732228,-1.1649987456446393,0
-0.9592232050417413,-1.3556490726200616,0
-0.46759383158310264,-0.9521150275488236,0
-1.1679823653241355,0.15754560970416032,0
-0.9620211217751324,-1.3681101370262891,0
-1.7655555577814237,-1.0363180748952336,0
0.8889851566368319,1.9432626127500252,0
-0.6844294123318404,-0.8478105976246784,0
-0.4315198835517958,0.08365599725868278,0
-2.1794246986814017,-3.1570274395443456,0
-1.4652816835190774,-1.440654223343956,0
-0.8034619360283918,-1.168161531557068,0
-0.8562282996854338,-0.9032015145231272,0
-0.8908600673941521,-0.35386394975670654,0
-0.8626597867507144,-0.6524397514147777,0
-1.3209603818641016,-1.195528422482023,0
-1.2458906270793135,-1.5149045848729776,0
-0.7767686415189979,-2.211300400633057,0
-1.3102422773029678,-1.0483627984286015,0
-0.5817328923823186,-0.7166027066299723,0
-1.591420459945117,-1.7732058254019516,0
-0.529515944584668,-0.5094112740282235,0
-0.8016140023415796,-0.9091773958786519,0
-1.3127437302970937,-1.313581712582947,0
-1.029084217729303,-0.5063934017316385,0
-0.6015231030186229,-1.0213860793369665,0
-0.7136706029949573,0.18795672178464806,0
-1.5670650931739527,-1.5401087504835322,0
-1.7865938136879356,-1.7741277354139047,0
-0.9918929340460776,-1.027745816602187,0
-1.022346734744665,-1.809419694173753,0
-1.8312152409222342,-1.8044116037406654,0
-1.6410308789241066,-1.545724982041186,0
-1.7070909599995527,-1.927724401430813,0
-1.6248368865360732,-1.1141525804870342,0
-1.3768394222651046,1.4555200177463918,1
-1.2923989949274748,0.24467896496129227,1
-1.2162875897816432,-1.1951482990421716,0
-1.899852205670046,0.5160424249060114,1
-0.6754103267880591,-0.9918364444659697,0
-1.650023147193512,-2.0673111205363774,0
-0.5732573331826114,-1.1509820698143662,0
-1.6895090644776474,-2.2500260693732717,0
-0.8595666872236736,-0.2641171047740475,0
-1.8008100945559011,-1.9746830942708846,0
-0.7082632757901318,2.0487214213772433,1
-1.3544483898390505,-0.7947482519819621,0
-1.20540754595147,-1.1117792139956606,0
-1.3454304824613794,-1.41834460781031,0
-1.0649158352802233,-1.1271466331294513,0
-1.794373583262273,-1.5396982176890635,0
-0.7050085827773057,-0.09900896282142857,0
-1.0025342016011378,-1.5300090081278,0
-0.8029600147098873,1.0412906227162415,1
-1.130252211493307,-0.9056173212059611,0
-0.9943812680468215,0.13950932410396977,1
-1.0450310113449448,-1.1347988191810081,0
-0.14139059359727257,0.3880255538889592,0
-0.32158740090367244,0.4865156083153921,0
-0.8812845535522928,-0.5987167944921515,0
0.6611558074659354,2.430872333242239,1
-0.630527312421211,-0.5206194702169784,0
-0.6469586334764023,-0.5210459685548579,0
-0.7724185601478923,-1.3655172962142808,0
-0.5649811827739497,-0.4600259145539526,0
-0.5689121122312896,0.5890690266207029,1
-0.9913329122785924,-1.9162964342097348,0
-1.083874420699399,-1.832697869275486,0
0.36662546237766525,0.2698601928518869,0
-1.3032351932754769,2.1059821507827237,1
-1.2444469561356608,-1.204266943337255,0
-0.675649740190791,-0.8946833122568434,0
-1.3377206471733163,-0.7606011372657122,0
-0.6335207493832009,-0.42322868710459816,0
-1.1523089369406525,-0.7248598319613284,0
-1.0445578833307039,-0.9396507738276109,0
-1.943160131237766,-2.1531356534560393,0
-0.5909452049727616,2.4741073475307136,1
-1.2278556191757537,-0.816431517584949,0
-0.7732016053656691,-0.7151526692046117,0
-1.0318824463748517,-1.3000013770903731,0
-1.1012219425420546,-1.2993667852758768,0
-1.5667386211623082,-1.6629212694285964,0
-0.761946457428492,-0.580667752017811,0
-0.8862023422730603,-1.0473253839785177,0
-1.4071965947385034,-1.1477000157099817,0
-0.7358634988190811,-1.3096753297324484,0
-0.3566670516460908,0.05678830185086192,0
-0.84539170358549,-1.7882094795647678,0
-0.11672108691194527,0.258811047470868,0
-1.455789798835408,-1.67760211530792,0
-1.1339065452885633,-1.8399248054857362,0
-0.48088257985089633,1.6031447242370616,1
-0.4813326121901269,0.3848341453785553,0
-1.2923965307517924,-0.8772020534341648,0
0.3621265347901381,0.39420716434389336,0
-0.7685403071317569,-0.5424244396187878,0
-0.8289059056121226,-0.966811507411954,0
-2.2330815055969446,-2.52325178000694,0
-1.207437246780167,1.2932182515119797,1
-0.3519090559353062,0.9759758162043164,0
-0.5176555920789879,-0.9861985009880808,0
-0.4199411367714654,-0.7230333800778355,0
-0.9146765246844901,-1.5247297334348069,0
-0.7608248952167183,0.3571715196556762,0
-0.7960251660043637,1.4795357560000078,1
-0.4961989273908869,-0.7349860497865264,0
-0.052735528192307646,0.9403747995054741,0
-0.3303763651009911,-0.37944431235107723,0
-1.732228255024388,-2.389896293436477,0
-0.7597900353236745,-0.15166411159866966,0
-0.8217857754010747,-1.2194941747762156,0
-0.2665632273996257,-0.5980987992461436,0
-0.7016550514127606,-1.2832594882859207,0
-0.7514686647288318,-0.3345898076281606,0
-1.4222807072922241,1.6975618326832218,1
-1.0345810973810527,-0.41083259397314964,0
-1.1928737257830027,-1.7561588360947176,0
-0.43467888002130795,-0.19137457952836423,0
-1.3680369339408927,-1.194017088418659,0
-1.398043151020758,-1.5906862372548205,0
-1.9468930541197782,-3.065937814419343,0
-2.2194263860543746,-2.0082818062887893,0
-1.5385364607046061,-2.4110963162434205,0
-0.9870583032300064,0.6938688790080545,1
-0.8950934321262894,-0.8474583151541609,0
-0.5626083925638603,0.17534395244761813,0
-1.3992817842776735,-1.0592310977739823,0
-1.1410162176713121,-2.6791786900010957,0
-1.2555873221304215,-1.8407888026900232,0
-0.7184057262851002,-0.45577877458800664,0
-1.5235303721801348,0.25314041470689164,1
-1.951557106432508,-2.6868082348084608,0
-0.9155235038656886,-0.22881476717144733,0
-0.8969815375324764,-1.8306791252699748,0
-0.7601941395824648,-0.8282355855892694,0
-0.24553924842885877,-0.3639592202476083,0
-0.745646083834757,-0.5493057147789953,0
-0.6626400396589257,-0.4230444815918828,0
-0.25391023902276433,0.04594134996989507,0
-1.3270314782210766,-1.0780144479990268,0
-0.9602210803019446,-0.8374343497687458,0
-1.2347827077637963,-0.9894589303670889,0
-1.1928292131186902,-0.8824669887815999,0
-1.4345679493849828,-1.7179874323180682,0
-1.28541483852745,-1.293781576860801,0
-2.0485406151175978,-1.8016385445699035,0
-1.0516006358653753,-0.9051307580404464,0
-1.3105205232711783,-2.0407602250869896,0
-1.0965119975278081,-0.04093730875902002,0
-1.5481210808647243,-1.0906532062499295,0
-0.84660184232561,-0.9471739954903697,0
-1.094550241142784,-1.9450618079680195,0
-0.9904359448001208,-0.6502936333574555,0
-0.9643592121700191,-0.7867991230268767,0
-1.0579400887061305,-1.7630773138682327,0
-0.2337801659040557,1.9917475300815377,1
-1.1443738902546112,-0.17736352948595402,0
-0.3506889102625649,-1.5217409318544708,1
-1.9207927221177916,-0.8149310761820503,1
-0.6564609791779954,-0.5464732245595383,0
-0.7686486914001807,-1.7915619867746342,0
-0.5926433636184564,-0.017219534271441073,0
-1.4360820250175137,-1.2616524754343368,0
-1.2186714762521733,-2.0766461844150825,0
-0.9859033780686559,-1.4876305490899213,0
-0.5263476032187965,-0.15563957678612295,0
-1.032141715940556,-0.41722094074792293,0
-1.3510853629038688,-1.5595762923233911,0
-0.9144038279208939,-1.1334228740759753,0
-1.4177529599787935,-1.4511816949542333,0
-1.1025274891108758,-1.4002332097394052,0
-0.6346820322804813,-1.0560396666407514,0
-1.0655386064362686,-0.6165278939200421,0
-1.0582250929860224,-0.7837203965987087,0
-0.45127523353900456,-0.35246304045965715,0
-1.3026146129691498,-0.3755688004965879,0
-0.7996480850370791,-0.8134616076840417,0
-1.0459560118544915,0.5141742797983735,1
-0.77770982235616,-0.7153323182024816,0
-0.7836006062912868,-0.5308175242545979,0
-0.2671737824347371,-0.5983054594621848,0
-1.0780457719207321,0.08319514855747812,1
-0.46807309325882585,1.2290163071689773,1
-1.7533459613879523,-2.7060893278513785,0
-1.1687790767323882,-1.6005220407968892,0
-1.6321736879581936,-1.7184610752254843,0
-1.5788749602363499,-2.393494896539493,0
-0.41466914512205155,0.01959532640108641,0
-1.0860982004241937,-0.49395282763044857,0
-1.3977059111057757,-1.3070527305637323,0
-1.172453964668708,-1.2569600404817063,0
-1.9973086794474932,-1.812122242481418,0
-0.7124945418958726,-0.8804521428225156,0
-2.6258299030785057,-2.8278912885935448,0
-1.3264385159694845,-1.8151780026679365,0
-0.8334857315345445,-0.5146474016082129,0
-0.30287558246774626,-0.5759753247595406,0
-0.6997412572573073,0.5267366157411592,1
-1.0965191715910636,0.49872132125316704,1
-1.550677164056789,0.2277629503618617,1
-1.9680481403963728,-0.35655293627074425,1
-1.9666291239192122,-0.26941579092971046,1
-1.102903290377988,0.6608624244485777,1
-0.8181627665990389,0.9554567564401009,1
-1.2425557291634801,0.48419341800454757,1
-1.1639805896203794,1.2487254768465157,1
-0.425463961266794,1.1376570162406523,1
-1.5445932088040368,0.17785907856878366,1
-1.865781207959698,-0.7947327384717733,1
-0.8480139832944582,0.8988109280183343,1
-1.5879365369217173,0.022944348343480817,1
-1.9332954259968353,0.41714485448818317,1
-0.7149380086029372,1.291090179681808,1
-1.718522214916372,-0.616716904686833,1
-0.8331092055421812,0.8983423878094338,1
-0.8733744437276809,0.6172324129485629,1
-1.5875346160097632,-0.7217239774877382,1
-1.1025877661697987,0.9099553110928021,1
-0.7858133928051358,0.13067421386186198,1
-0.8780031488301557,0.8997536545801378,1
-1.1047969440515195,0.6091152442665535,1
-1.2554510120148905,0.881556918402694,1
-1.265148621862702,0.18583884517310412,1
-0.81662009977477,1.4735425385139682,1
-1.5688742277786167,0.09107553730887427,1
-1.1621282383953737,0.8754837422280581,1
-0.7911192172959284,0.700048908626909,1
-1.0324938053724337,0.5552469438249956,1
-1.4064205377467942,1.4479990376965237,1
-0.7797864107370837,1.5888824256816043,1
-1.1172769549281616,0.35214273158025566,1
-1.9060921309631684,-0.5172751316522293,1
-1.076815308003083,0.6543035858488655,1
-1.5025764401687383,0.6673244483739816,1
-1.2600608900462282,0.8962641573730796,1
-1.8818604176991163,-0.15955729800972593,1
-0.6429232707032462,1.400369258991395,1
-1.9708642334481572,0.41033586391266147,1
-1.2986606846356632,0.5743759586379583,1
-1.2869783468762777,0.6042100474235439,1
-1.3195088848945988,1.1794952115408492,1
-1.1002956680705471,0.08535145446621473,1
-0.47229689748514314,2.388617197309621,1
-0.8804200399166167,0.9751499933423213,1
-1.8873455885515602,-0.12925523623400278,1
-1.1957957641395853,0.5111157296814659,1
-0.9652295331013463,0.1360704920902725,1
-1.2868007893287636,0.5516692361815047,1
-0.7976007119022493,0.7426369037624947,1
-0.3666437947238227,1.9539340199562945,1
-0.5808074945961794,1.6046198716343043,1
-0.8099682454939262,1.4754782577464245,1
-0.40874564249296297,-1.4830595518568195,1
-1.400996493103494,0.10922736775893124,1
-0.8679938420384564,0.8994390062993598,1
-0.34059837594302966,2.4578423742112925,1
-1.8689360131491157,-0.15181894600739976,1
-1.313193018399306,1.391103500280218,1
-1.45458748417781,0.07124214252456146,1
-0.5487075504579265,0.5305068703775058,1
-0.6264127481322259,1.395085480313056,1
-0.9761497818733967,0.8870255063245458,1
-1.1041501268597054,0.38457391348899866,1
-1.9093458355160806,0.5022201832174014,1
-1.5723418579910637,0.01645324135523289,1
-1.3744588932364734,1.0459090442521228,1
-1.4960911171892164,0.219824761741792,1
-0.6193235844068107,1.739335192131533,1
-0.8090443420763187,0.7212904991211881,1
-0.3679951613703345,-1.2814508815751309,1
0.3193042035690937,2.3410068954754824,1
-1.2648428107092733,1.2703209902472608,1
-1.999350118751098,-0.15289361751675892,1
-0.588974941447838,0.592762719766494,1
0.6032606084001512,2.400617835835276,1
-0.9987097044441785,0.7692417544150819,1
-1.2909866301677926,0.9285379758440518,1
-0.17922519369325057,1.9490802364174273,1
-0.9706966973231688,0.6963892529085642,1
0.04367961662032807,2.337451688256004,1
-0.8207540236215792,0.9408266677310593,1
-1.391545734745932,0.9407826736607753,1
-0.2813854553887196,1.996371551078177,1
-0.6836985158033217,0.9484459877672954,1
-1.4533765770729279,0.07180555488493658,1
-1.2541196508065748,1.398120155869959,1
-0.3169363537035039,0.9242465799216186,1
-0.28889740907478073,2.0163294058568346,1
-1.1824744370047067,1.2677836625530567,1
-0.5418503538301891,0.5106315459429365,1
-1.868387400531582,-0.5243807852095757,1
-0.8006019337229222,0.7166824963485826,1
-1.4373832187565332,0.2499866680452109,1
-1.9418170464086768,0.38364169417711,1
-0.39453415390336966,1.9493034990921898,1
-0.11076473745034862,1.9210273154966286,1
-0.8691742236691103,0.992883899451252,1
-1.3595013002542866,1.8967588096792363,1
-1.2595485968953006,1.2387009380572689,1
-0.3167330356902631,1.9643082792415778,1
-0.3933922315952677,1.9460148961074109,1
-1.064596742916159,0.472660707959534,1
-1.042533674785336,0.8766165090039492,1
-1.242828667342451,1.2102225820326544,1
-1.2447116320134979,1.3937197322639225,1
-1.3438240086285396,1.1098948882843087,1
-0.4463659302251256,0.7142227465369859,1
-1.0415220147664432,2.0807945964527783,1
-1.4068007074061168,0.8985319951543075,1
-1.52036598160407,0.24929833742333934,1
-0.6753450097861216,2.0375818510214962,1
-1.3815198272198548,0.9800492104482957,1
-0.5217256358069619,2.475902198544884,1
-0.5033949334316608,1.2301731771915967,1
-0.9727272532820652,2.074173715523606,1
-1.2773950918215913,1.8905405775876576,1
-1.1157034378736093,0.8864414509748664,1
-1.6067395055742666,0.7429926613739528,1
-0.12586756789267453,2.4453607854537878,1
-0.8535786090646604,0.94485642157986,1
-0.6104895601720908,1.8800956560366833,1
-1.9755656979283345,-0.1416382339117259,1
-1.1815719808043785,0.3138920517343117,1
-1.0577000255305995,0.8748936051230792,1
-1.5837512645466667,-0.7548689349673381,1
-1.5497870233328446,0.7852494562609319,1
-0.35293875625350907,1.9693702690732313,1
-1.303969050892438,0.907998826209535,1
-1.8871711430695286,0.5577008993551176,1
-1.1136573800422,0.5102669421237427,1
-0.15988775735135224,2.001964971641105,1
-1.2908245572940147,0.9283688380809194,1
-1.8349178056792206,0.5780422315899746,1
-1.3249520955003717,1.405807522880309,1
-0.4612284424134713,1.7921826754743824,1
-0.9394481818266314,0.6737283481067365,1
-1.8257831513914873,0.3597553308120839,1
-1.232608050179278,1.4620734743582007,1
-1.8918769743800388,0.5422418041998984,1
-1.8636911312741813,-0.5492338358640132,1
-1.3556541198497891,0.9007761586593943,1
-1.9664224375578916,-0.2551699086548801,1
-1.9762685736461751,-0.36732660174990417,1
-1.4067431775961134,0.8965365728680814,1
-0.8042283131559963,1.0341298823440175,1
-1.4414808984700362,0.12287873699722883,1
-1.4522685604949719,1.5633044492610484,1
-1.2384507991240712,0.4798846131828761,1
-0.2484783427899665,2.054615081289157,1
-0.2832552893346313,2.0267906568261895,1
-0.372895447724401,0.8935606446994309,1
-1.30368053972037,2.1043261472638704,1
-1.6349160296937484,-0.6414271364597794,1
-0.832504950544245,1.3570227252951408,1
-1.8147098499282137,-0.08536326274185822,1
0.042638457715604025,2.3382384892737376,1
-0.8099896179428404,1.3409811316742168,1
-1.045829256410122,0.13007163080777204,1
-0.603809586809362,0.9820685229119389,1
-1.0575505871635782,0.4883527477220693,1
-0.35616679425210945,2.4513379604885124,1
-1.2699154646601087,0.5193409254404131,1
-0.9537908410370287,1.4431157693224532,1
-1.0488688379312259,0.5142532024205941,1
-1.7211893479898888,-0.450143147124642,1
-0.8697499565920446,0.6437549748564919,1
-1.165097651743735,0.607695545229426,1
0.5130014568009333,2.484475119145221,1
-0.17985055731487715,1.9493364905703647,1
-0.6573792746959478,2.0424262678259177,1
-1.7779618796565586,-0.5052906182479783,1
-0.5412806214422549,2.550781597938379,1
-1.2087138618033026,1.330766064586771,1
-1.490150218971729,0.25392829938009337,1
-1.503388148938297,0.2286845277051224,1
-1.1611766504740768,2.0923102857080362,1
-1.5861069045954566,0.2124469365515356,1
-1.2540560529310578,1.337883053226418,1
-1.9383746771930508,-0.20722222753892874,1
-0.5451460430400337,2.443535253966278,1
-1.3567523789601807,1.0320124683184588,1
-1.9203174414346673,-0.10053840285859016,1
0.015275204071190984,2.495683477268231,1
-1.1284430539481578,0.5739224401925738,1
-1.6421881343527243,-0.7126370448790887,1
-1.0150077247178966,0.17519710027765564,1
-0.3451089392436928,2.4122746355110856,1
-0.7747420439910072,0.9322405871249014,1
-0.681706103195761,1.6447104490944755,1
-1.200514472124277,1.3747264009734474,1
-0.7464681155773627,0.12900751489678478,1
-0.3772258387568539,2.479649052366837,1
-1.6128798266652633,0.093605790197346,1
-1.016645900930672,0.13542506768899767,1
-0.6904529188100809,1.2458226239681158,1
-0.6672185243634294,1.6908782141277197,1
-1.456573513252866,1.5440309224392625,1
-1.5909351601040538,0.7175281042443541,1
-1.2515211800356818,0.5046878731947234,1
-1.4300614336813464,0.8994497049284115,1
-0.48263799061040796,1.6107298050158172,1
-0.1745883872698162,1.9997259221243258,1
-1.2906124522763363,1.4712208821966408,1
-1.103146877564718,0.5109497856668295,1
-0.983057299976763,0.9615711882835987,1
-0.6686915446544929,1.6948590348845483,1
-1.8655105931324214,-0.3889578978514266,1
-1.0523224595105483,0.23975883884946053,1
-1.106505883293742,0.37932756002594725,1
-1.224668548666994,1.3054940502830377,1
-1.5882600223103909,0.009046818107873389,1
-1.80385595868683,-0.08419174874421352,1
-0.6794737310945584,1.2779915332026885,1
-0.4738981556416792,0.9996979383205075,1
-0.3782410418658455,2.4581312687495993,1
-1.1834346264504398,1.8516479825734948,1
-0.6157410547876194,1.4223005217628637,1
-0.3526255856926659,1.9863239642234443,1
-1.3948998703015363,1.463481358883509,1
-1.9834481468768401,-0.14750208085693553,1
-0.8800947957496188,0.10442732492443983,1
-1.4163262790003261,1.4884488022020943,1
-0.2794066636665281,2.4507078794311634,1
-1.3405484306790612,1.3967598785186501,1
-0.3168320110722172,0.9239140678187783,1
-0.6190312090950467,1.6638835978617763,1
-0.7954685551727796,1.4793429613117033,1
-1.2393472785349473,0.13012752964385704,1
-0.20655307282615182,1.9954174387711094,1
-1.442158131648287,0.9025270062135673,1
-1.0518160973514785,1.0009790836839751,1
-0.6102023446693413,1.4073367110023463,1
-1.0433107730768922,0.8765282303082479,1
-1.1630673844294817,1.3411965800884622,1
-1.5701158545961924,0.22448157421149229,1
-0.598611579475755,0.9794478667208784,1
-0.8825931939073104,0.13477388746191254,1
0.06956647153900417,2.6306076280544217,1
-0.8499306690552033,1.4638490144411551,1
-0.9198416017386242,0.1001640916173584,1
-1.0739879054137957,0.4895501125221434,1
-0.052303577198886037,2.4099859327787425,1
-1.771833669641384,-0.7602384305974406,1
-0.41593973411710267,1.9048968815275404,1
-0.6713567483763007,1.2969699928759708,1
-0.5752238721256756,1.6743807672211133,1
-1.6243101918752756,0.0055944016666024665,1
-1.3355305729258378,0.9288412022420136,1
0.04394984967549234,2.51233130326107,1
-0.11711098216356144,2.443306957020336,1
-1.9350419887857997,-0.1720217323448335,1
-1.4626479972059798,0.8420325881871104,1
-1.1411369841018204,0.11258824357871146,1
-1.4183640636623063,0.14763747077931832,1
-1.1385853660213727,0.5003405914585703,1
-0.5893056383678155,0.9799076540881696,1
-1.2809982078142101,0.9329578911902866,1
-1.0958146031020795,0.9220982811615058,1
-1.4446828087653458,0.8829755985047648,1
0.005521639817906876,2.366287569932258,1
-0.23627207654930987,1.9910383225335235,1
-1.0897465332854028,0.5590357520039851,1
-2.115247724179122,-0.10017856376213916,1
-1.922725159281375,-0.8076534329699572,1
-0.3993491233866244,2.7229259386803912,1
-1.529149899801686,0.2330554871461227,1
-1.2150545179476904,1.3624798898053245,1
-1.1843602321618676,1.3255124109905252,1
-0.36190261532544293,1.0307652027632153,1
-0.8545700181114577,0.9689822681292956,1
0.14049943371262713,2.3962981735406195,1
-1.3537084563714394,1.4565710219709316,1
-1.0527729985383272,0.4989926077122516,1
-0.5552060828118767,0.4811548432395087,1
-0.7160119027832567,1.7310731146407434,1
-0.3298388285788949,2.7293746933036607,1
-1.913830661326263,-0.09679378710485317,1
-1.055186015339297,0.9949374731615456,1
-1.2969295798065126,0.9033528206795729,1
-1.0999650872677293,0.39389414568242126,1
-0.39079254669914476,1.9470611903832775,1
-1.6299483816630573,1.0749073863190437,1
-0.6630659775536003,1.2354027644249104,1
-1.2268697704709721,1.4521245568077614,1
-0.6999680942974622,1.763566306026525,1
-1.3604021050806274,1.056309107452647,1
-1.9141644100901407,0.4760127109314076,1
-1.4898117454493935,0.7651066568536581,1
-1.143850140681148,0.8711705621030044,1
-2.3053240416920278,0.028985800497791037,1
-1.1260955618809314,0.5163456498922459,1
-1.2932097495372616,1.370878436341062,1
-0.432731933529598,0.7281468474419472,1
-1.32831847242609,0.9386559478734318,1
-1.479329105814646,0.059730330107476026,1
-0.8533294663703466,0.8989780232674,1
-1.9622372574216425,0.4019059753783819,1
-1.163689896568137,1.2665597214450373,1
-1.8959428380075596,0.5288850626257564,1
-0.7758354791975534,1.3656276823124542,1
-0.7829823480298568,0.16504312978012245,1
-1.9606153214064623,0.4003210932857832,1
-1.2445034947528753,0.879006070978348,1
-0.21922652975272972,2.0393602635542982,1
-0.26015179228787977,2.065479287858575,1
-1.767681510499477,0.6014155850164973,1
-1.3837311908962615,0.9232109985035085,1
-0.8808836862705972,0.9736456734920949,1
-0.8230813691217023,0.7708351993427496,1
-1.0503779559883415,0.10181822251669072,1
-0.6572516975021407,1.3012567220707414,1
-1.0983072508652854,0.5875211133981699,1
0.173583357491989,2.434384358739763,1
-1.336359599477485,1.1340222779374125,1
-0.09717012637691447,1.922240790915073,1
-0.940353377073146,0.8871132027948113,1
-0.23539688464316558,1.9960605778646479,1
-1.9081372471672662,0.5222892651829791,1
-2.01412784760279,-0.4009627738908913,1
-1.313920389155739,1.1818188186109735,1
-1.2270823714218513,1.307213688334895,1
-1.1249711623242886,0.6041163253037983,1
-0.9623292998582316,0.6834077576773973,1
-0.575166352666512,0.9703390126475019,1
-0.5092892521620557,2.4195999433758324,1
-0.7925820632692713,0.7126854081117351,1
-0.36814140500480974,-1.2794203499445502,1
-0.7934117355099914,0.7198523641915169,1
-1.3065092100085836,0.9025089818142745,1
-1.165582250793519,1.2505722261497116,1
-0.6794704132293363,1.2778044568798435,1
-1.192511113289848,1.2743905745543844,1
-1.101123118542093,0.5968907728529526,1
-1.1609940179576708,0.6432592961609107,1
-2.3588224596326683,0.04903154220545631,1
-0.8701742198293823,0.8468805397639323,1
-1.1566117990171114,0.5146447069179809,1
-0.6312785743382239,0.5051456746457201,1
-0.28365716594803436,1.996592208014376,1
-1.4963771410028084,0.051798199140207175,1
-1.0918543097747562,0.4985417549326627,1
-1.214474308972131,1.3572042178073158,1
-0.6418607179133466,1.727901991042769,1
-1.0854443713989361,0.5019252071731183,1
-0.6217006951858385,1.4215974811190675,1
-0.5412678144963947,0.5089430777709394,1
-2.0176267057048016,-0.41862413321408143,1
-0.7192861045000091,1.2926667233316282,1
-0.24597210771639885,2.0523740562355646,1
-0.40867894176968544,1.922967488430268,1
-0.6485220367345761,1.6568169685321823,1
-1.4707121399262093,0.25120680091900927,1
-1.818761552245662,0.6038234068356065,1
-1.969950905317934,-0.16619356793988094,1
-1.212664936989736,0.8972164576428022,1
-1.111646588701921,0.3100689009197055,1
-1.6042033569990979,-0.04549003899995637,1
-1.1994630832137376,1.41734253323343,1
-1.2319679954041989,1.5117926405753843,1
-0.8213326005229915,0.6953502812260334,1
-0.57917711730055,-0.6592001044432848,1
-1.3971042540586494,0.2551719909290371,1
-0.6207109233035545,0.9905895944068435,1
-1.3797793472689217,0.9864718264366874,1
-1.2212238649108675,0.5035216269880073,1
-0.1561216121092462,2.4524567721957795,1
-0.8922818831642358,0.9366637503157708,1
-1.4035339155727218,1.7330252338354837,1
-1.4608087078580079,1.4903053222496536,1
-1.3919360721619356,0.9261935899028433,1
-0.2450498577464241,2.021812573704292,1
-1.9437718081033768,0.4601612773572897,1
-1.9786360861969017,-0.14392233203743057,1
-0.5869909675709661,1.6715611209631576,1
-1.4112903440665356,1.674748099262023,1
-1.0735166148580302,0.6692352508788189,1
-1.4017418410770266,0.904689495608199,1
-0.9394179710279367,0.887205686441501,1
-0.24180884587385695,1.9925273758750943,1
-0.4253991272427912,1.155580105814393,1
-1.1104818841632482,0.3704728645109758,1
-1.444074509982528,1.4851583450250188,1
-1.2270730594588104,1.4496126238614977,1
-0.1880584218340235,2.0194683797197643,1
-1.1493975089561497,0.5231665214810145,1
-1.3423382374480006,0.2465071822978714,1
-1.0670635802438493,0.500512335659674,1
-1.2620343100849607,0.8904196408222296,1
-0.27284344687308126,2.479833495322648,1
-0.5126322289706895,1.6965380989980274,1
-0.9319332920276842,0.8952483213930432,1
-0.22305434974643765,1.9931932505558816,1
-1.261037751968439,0.22105285321380044,1
-0.24704111568763035,2.0533299416875264,1
-0.8040521727510389,1.4771998612731279,1
-2.0209286240326696,-0.4246478977660138,1
-1.5218206616994598,0.011496066174443209,1
-1.2903583292459797,0.24595339044325246,1
-1.901325518672049,-0.14651654850952417,1
-1.1940437071727152,1.3119612783384342,1
-1.3534277945656277,0.9174315587084871,1
-0.42158192961133284,2.7018571629513284,1
-1.9733382708455678,-0.19676474619519696,1
-0.6957741784143973,1.2503186034767015,1
-0.6788222636225376,1.241258835832753,1
-1.267025758596385,1.2308785583394344,1
-1.2129419211628536,0.8747423362535749,1
-1.1634481154110643,1.2955483706978337,1
-0.5332351232446866,0.4210375972447913,1
-1.2219577498509604,1.425248976086238,1
-1.273406863202849,0.5260254884692916,1
-1.5624354892454626,0.06974601748555692,1
-1.319767341339826,1.1085612624406787,1
-1.3880852713702059,0.8993531740548025,1
-0.6027181789445151,1.6975667154807368,1
-1.0386410929878407,0.5364918103898388,1
-0.592310634652893,0.6030665227429677,1
-1.118697722747192,1.3721962012791358,1
-1.2445011677232822,0.48623547839687226,1
-1.1463579205456687,0.5155681893577649,1
-2.013423822520715,-0.3076603437023413,1
-0.7952509900354114,0.5710534350213374,1
-1.2227900857629863,1.3231658300910658,1
-0.1926182559790337,1.954568288028672,1
-0.28073618927790256,2.0314614080906175,1
-0.5235070064359102,1.2308318929956854,1
-0.8167336093771219,0.9635256962457377,1
-0.20196141530470452,1.9742389795010582,1
-1.9919893027513331,-0.15385594767045935,1
-0.4246607813265745,2.6858230104651177,1
-1.285049979032395,1.3626199336241605,1
-1.2983398453749777,1.5490212289651972,1
-1.905260744645739,0.5273043771681784,1
-1.70768506043444,0.6755369361183945,1
-1.3040245234736305,0.9026624764429909,1
-1.1861240811896632,1.2715022823929574,1
-1.2256530224904616,1.4588490188474363,1
-0.4377539518934558,-0.3128792840729224,1
-0.6790749213547439,1.2555048272504314,1
-1.1257248344437496,0.4270277357754837,1
-0.3827709610293666,0.7791708896167134,1
-0.7956753570192582,0.7328828085068612,1
-1.340676939070171,1.0044031762755226,1
-1.8128440115800117,-0.1722064244911157,1
-0.4586737298986542,1.2088629003377012,1
-0.9589550847037144,0.6749239613901881,1
-1.3314245247888292,1.5886725447453964,1
-1.0811456637472912,0.5006542090915719,1
-1.1361486110728503,0.3099188235902876,1
-0.8130913911345399,0.5884634031206591,1
-0.9296313717879915,0.6007226953789632,1
-1.4107843327621559,0.9149639053710926,1
-0.6931046329131991,1.768930977015025,1
-1.3390387418841243,1.9831476464117517,1
-0.6893837784030727,0.6611377517178643,1
-1.4211218910662815,0.9078062503325344,1
-1.9651908110813494,0.4047920536582822,1
-0.6009852791111512,0.11618248834202625,1
-1.6289123809423347,0.6496558977993344,1
-1.0517541472744008,0.10089191477469427,1
-0.971380736122255,0.9526254275395207,1
-0.7933661523313329,1.0383714164552271,1
-0.14864396512292494,1.9871380442544908,1
-1.224017258399784,1.4439754902188633,1
-1.4489751499734853,0.12691558418530027,1
-1.4522833018504089,1.4836737652079124,1
-0.5279050504985598,0.4674831443229934,1
-0.24785559939313798,1.9931147121887127,1
-1.6186712564229921,0.2184733913184086,1
-1.5359931689378041,0.9886620392832088,1
-1.1215619178229372,0.5162228114295824,1
-0.603121614643594,1.4392230962587413,1
-1.3116724686914618,0.24538454432319273,1
-1.4089086012487024,0.12672577883126745,1
-1.0990808447158662,0.08523372219635911,1
-1.2102218049792142,0.09991522425170711,1
-1.9184318726693985,0.48899137573684537,1
-1.0546478774249475,0.24378226349106352,1
-1.3970366886225551,0.09781216190275549,1
-0.4866395771179709,1.6280205483581265,1
-0.5343594402757392,2.4755746062608392,1
-1.2750140831226258,0.5291026401388871,1
-0.10339894294107504,1.930093966361414,1
-1.0901308487247248,0.4397600425702498,1
-1.258816447295744,0.5054399754388166,1
-0.5356067602569626,0.43220752969854204,1
-0.7365229921285422,1.6069186307724108,1
-1.9128797108758686,0.4970750406204614,1
-0.5498964196241183,1.9951299370607583,1
-0.6428600704329461,1.0017564312014104,1
-1.351125676697417,1.086293530554536,1
-1.1291852924965868,0.4603132751448915,1
-1.416505315398004,0.8981061851809132,1
-1.6757167299682996,-0.6514959883462507,1
-1.0687657398768984,0.0894414935352851,1
0.07454833550252049,2.530096065717849,1
-0.6278368798892007,1.397376916106413,1
-1.438078466873196,0.25927821713618787,1
-1.4298330106536925,0.8975214046759227,1
-1.2705540820557724,1.2608319117798583,1
-0.39524987778053894,2.270720532022761,1
-0.6250511061672142,1.0094009722644581,1
-1.9670210140242892,-0.26517214775607184,1
-1.406395745104152,0.9583066345013389,1
-1.3209335443938588,0.9376535291769653,1
-1.3288000900098982,1.7310465684787,1
-0.1559667876055175,2.452420458616744,1
-0.4244622673481319,2.4228044252513166,1
-1.3775664961381064,1.1548871379543804,1
-1.0292817517551547,0.8781219330839519,1
-0.6289229438154283,0.9674818909189392,1
-1.1274454805199667,0.5163822257522426,1
0.1856459839714614,2.566457597580655,1
-0.6049671015399583,0.9879080353346903,1
-1.7180771648753748,-0.7405008892116938,1
-1.1014303926608882,0.6221422012694624,1
-1.692400208499654,0.6758266810025185,1
-1.2161058707221837,1.3720395357709463,1
-1.0041644537672683,1.4154717220219655,1
-1.9995391255543216,-0.15360160049041308,1
-2.127012736043292,-0.024500786598143337,1
-0.4811552264342712,0.17575177713003395,1
-0.9957099978058137,0.6914038455965175,1
-1.1119234582556914,0.3725445706403858,1
-0.7055493047078767,0.5285682881945009,1
-1.23707758697295,1.3259920453844438,1
-1.9845482728670203,-0.4528108329053302,1
-0.6843326293387151,1.8749162408698146,1
-0.9990276960565301,0.771298841089696,1
-1.8766334382378294,-0.1423845912269446,1
-0.45466919462295563,1.2059499861527787,1
-1.5287687432170776,0.14018507514865342,1
-0.3649931494973352,0.8919196663533805,1
-0.2571341254902992,2.054050725550003,1
-0.3215097230837685,0.8417356443079897,1
-1.100848575198087,0.5064797652084804,1
-0.7203595471042418,1.0161570745494342,1
-1.6219474209867608,0.02378723652861145,1
-1.333487080931145,1.4139847685752596,1
-0.6625665603666566,1.28508603555273,1
-1.5212529345403754,0.7096555028917487,1
-1.078680085099244,0.5150609340654602,1
-1.2251610557209107,1.940232343750562,1
-0.6191929463368202,1.739282789295096,1
-0.24418412785027638,2.055288520843456,1
-0.6915703153621208,0.5241597619336369,1
-1.6286179895367865,1.079410628204211,1
-1.2093475193795005,1.3105878064230378,1
-1.220584888095853,0.09700905296246845,1
-1.2124450645437277,1.4156910258469997,1
-1.2547093501051851,0.5058098678794701,1
-1.9127941226475187,0.4801690100082179,1
-1.2734527958174295,1.2560157998023098,1
-1.4796777197002844,0.8388000920872889,1
-0.12725887227544908,1.9277860881560427,1
-1.6157882761916103,0.0712113455245574,1
-1.8522448469619512,-0.17939840953675673,1
-1.4418690692360232,0.19962111941479926,1
-0.9420059548569704,0.5915156988434205,1
-1.2216488822740068,1.2205650413573441,1
-1.9694507216450763,-0.2885665695565609,1
-0.4824270160074891,1.232358011197372,1
-0.2142345217013427,1.9809923654787442,1
0.1090714941892382,2.550139401090525,1
-1.0756069551257668,0.8728593703218293,1
-1.1514978246945125,0.8692937154239958,1
-1.2027988963996055,1.2884922396391887,1
-1.6134775537007668,-0.7240624020621077,1
-0.6510196801460418,1.7520494439636092,1
-0.9421088212897418,0.930199348268641,1
-1.176880990778334,0.5952829037509955,1
-1.991783774762589,-0.1245515545575853,1
-1.2119736357291904,0.4520924393322173,1
-0.8299641557023731,0.7180679699534003,1
-1.909236649498573,-0.09556600629128711,1
-0.06854611268847481,2.4222603736885766,1
-1.7631201133998424,-0.6250367517409905,1
-1.5901594164268094,-0.7071793402944274,1
-1.2018734208205517,1.8907931682198398,1
0.053319865095517116,2.435250626823081,1
-0.790769420309856,1.4498833956844888,1
-0.838426148480638,1.467196881185697,1
-1.2244299922223971,1.305324099635742,1
-0.14962813256390634,1.9883788641603255,1
-0.5046901331263501,2.467628782170447,1
-0.7104719973913337,0.5301207480635524,1
-0.6826165465419005,1.440254128335501,1
-1.2931390933340818,0.9381351057045061,1
-0.027430909584046564,2.3911897239538344,1
0.4952224690081569,2.4320675650802643,1
-1.7288597746754115,0.5941848350667298,1
-0.3239974473351128,2.56759411160765,1
-0.5001526280646768,0.3032177930976499,1
-1.243751284058621,0.8792436022979859,1
-0.6497799040809409,1.3953065380945284,1
-1.7089558200766317,-0.11054748061411106,1
-1.9850963386274154,-0.09950171063476182,1
-2.1778264706733226,0.28237684825298526,1
-0.9074323733065224,1.4862661951940395,1
-1.0061729061961942,0.15991114830996794,1
-2.0128933848986557,-0.4099890286312875,1
-0.3079087630501034,0.8954780591863604,1
-0.45146326904559203,1.0168950442695859,1
-1.3624917867007804,1.0495545791731735,1
-1.3641975063702192,1.4434079815670855,1
-1.2604636058606487,1.3377360683835238,1
-1.2183304796770715,1.3922672600292758,1
-0.8915242011465974,0.6290753749091674,1
-0.9700127975753893,0.6492864070698322,1
-0.6792314462090868,1.2643304100345096,1
-1.0034431153613508,0.7998621737751438,1
-1.3008488778447422,0.5785654303486192,1
-1.0980027910866645,0.39826424915165837,1
-0.8034125345499376,0.7720803441459791,1
-1.909426904379533,-0.10219125507934,1
-0.6649571527365282,1.7341946680072817,1
-1.313546738759134,0.09792247713639417,1
-0.5227314721122375,0.43686096448461226,1
-0.7704278066379109,1.6100885868653512,1
-1.542723712671897,0.24133289753201959,1
-1.5872039982958581,0.017924245468778847,1
-1.8414633202044386,-0.7858040456917532,1
-0.04041979895443826,2.657805617543143,1
-1.9369872134934465,-0.0946901595139876,1
-1.4809100488026088,0.2606411330418194,1
-1.3688650786258922,0.6183391809570367,1
-0.24504831848108366,2.0218084672850343,1
0.18059789899069678,2.5916659523672196,1
-1.9216648355396964,0.48428434640367357,1
0.1870375549393256,2.5954046654158804,1
-1.9214278687687854,0.4522393389660589,1
-1.5416362088051359,1.0055662358247943,1
-0.783329817020258,0.1505390302113691,1
-0.2724741792087538,1.9748698851798876,1
-2.290996539204122,-0.006321616123073484,1
0.16158730702343033,2.5806288490160822,1
-1.2697826601643827,1.3417141430601185,1
-0.3086790858539052,2.6498414273305553,1
-2.002924614674337,-0.3667244888199034,1
-0.9085488974082502,1.485228119371644,1
-1.5715045633080849,0.22362725695631708,1
-1.3418829499483018,0.17491366562486907,1
-0.6833031645773897,1.370554024419438,1
-1.421905085332306,0.8807022573284929,1
-0.3672500620982179,2.479907722466473,1
-0.8694431551577123,0.7119865473588192,1
-1.364299648551645,1.043573023311439,1
0.2989242288848629,2.5619290431318067,1
-1.1515658552550132,0.11067515639103809,1
-1.1636077374880145,1.2764102854238126,1
-0.7196527439245556,1.2704938155902032,1
-0.45341509840291755,1.81162846891602,1
-1.8255055775490237,-0.21885466840892254,1
-1.0739822800384893,0.4985362127798699,1
-0.4601584426495898,2.370043041523536,1
-0.8872783519215472,0.9791857782942126,1
-0.8311835563570362,0.6061190610636136,1
-0.7062218902275702,1.9999034608343564,1
-1.4787262326877364,0.2610254611809525,1
-1.3392140936315788,0.17867637132904557,1
-0.27955961871175605,2.0336429286081685,1
-0.8226726472049887,0.9299942288875276,1
-1.2015857287782403,0.30139317421669065,1
-0.6677256658698463,1.3053474497742386,1
-0.42579211207736967,1.1562563802771546,1
-1.791776057941889,0.5654325096906943,1
-0.5309622400409532,1.6849867953492064,1
-1.123461435648756,0.6172459153742329,1
-1.1055244172464869,0.6301102636170397,1
-0.665847821892947,1.6409336905416554,1
-0.360119982038524,1.9539547394842103,1
-0.34118378776102964,1.996431221508813,1
-0.871692209085443,1.4575163093357961,1
-1.4020732187677065,0.9209954214350884,1
-0.624807517034131,1.4253164031935377,1
-1.0718430601749032,0.9650746166424368,1
-1.5335067704996421,0.13027196454733445,1
-1.0318894452309422,0.11426275026951775,1
-0.32894471371933043,0.9625140166470113,1
-1.4253340368445864,0.2580010354898794,1
-1.129333625484984,0.4617400641565438,1
-1.335030550742338,1.1383181942051226,1
-0.859493136176338,0.999961379202696,1
-1.3306731363439186,1.4576176803238012,1
-0.4044542151749575,2.4311636976281,1
-0.7513124187973312,1.6175479829161084,1
-1.1717662870685845,1.3507153231973,1
-1.163145774942713,0.8703266098433473,1
-1.214876603218665,1.4240399046103005,1
-1.200349274377009,1.4188439836432978,1
-2.0189525708962606,-0.39266170727925964,1
-1.1635045079184048,1.288787121659366,1
-2.022830277224996,-0.42514461834807876,1
-0.5321180521863689,2.4348387420973516,1
-1.2676257265767281,1.8090885979494722,1
-1.9528838228132628,0.44427470196273716,1
-0.8117866333157641,0.9914560397005214,1
-0.46736765356928855,2.4634126558647598,1
-1.494490340436349,0.25825114783338776,1
-1.9268603348631368,0.4375039581165383,1
-0.9423085700723872,0.8933188603945893,1
-0.8723170131901365,0.10526156810040707,1
-0.8648385635980296,0.12422805182180073,1
-0.6303798723960923,1.3830153433247097,1
-1.435935383904356,1.4815704850153655,1
-0.26557750849520473,2.059567646762529,1
-1.2163671347107095,1.295686069492113,1
-0.24238198751137757,2.01469528637129,1
-0.683394229181609,1.2398586743984816,1
-0.8094052185527936,0.9937083434504285,1
-0.12475390802107578,1.926759633352878,1
-0.5246425571930488,1.6865011257272007,1
-0.7230614374291328,1.3535112327520649,1
-1.8687579362625588,-0.41398010845841593,1
-1.0124173825780725,0.8822588895567541,1
-1.416131202885775,0.8967572942656146,1
-0.739317415731008,1.3815889085428577,1
-0.8986273440988606,0.9004019879481499,1
-1.9968276364357722,-0.3480914674111076,1
-1.4169012822659368,0.12367561120761364,1
-1.527071588244537,1.1117621561919298,1
-1.1818070596249386,1.848192691286156,1
-1.0098340423352314,0.8412050589512037,1
-0.8104477433430511,1.035816625314081,1
-1.9655141569159327,-0.30424686191431083,1
-0.554419527629325,1.0612138588566589,1
-0.2878011628103974,1.9327840132280187,1
-1.374232083246782,0.9213993362011185,1
-0.7325349965771246,1.2813781452897715,1
-0.9629331234872592,0.13579960025785653,1
-1.3786206179200826,1.4563051979486008,1
-1.4150047336208644,0.9120417285298733,1
-0.5552456364008007,1.625608330919278,1
-1.5219045765972943,0.1545465886709989,1
-0.5338256251288123,1.1012352828457876,1
-1.1307521251609693,0.553841216909582,1
-0.2456970695025432,2.052128122590135,1
-0.8429798213710159,0.6176307191504132,1
-1.080225869653089,0.12376186639244217,1
-1.2083588861006385,0.44829816014131474,1
-1.2251757425112897,1.4594028072064023,1
-1.5318699231780273,0.6935122020382402,1
-1.9440376431090263,-0.5356109877619011,1
-2.016080274663254,-0.3403360957954844,1
-0.21501695400277587,1.9814229058132136,1
-1.8643848038914195,-0.22069220046526966,1
-0.14251668896414457,1.9177188784171386,1
-1.0091737382510404,0.6263955540644697,1
-0.34702791841913094,2.480432079025298,1
-0.252255839588489,2.041036538428151,1
-1.8858595639593532,-0.5457556901578544,1
-1.5328377621138376,0.13167169353287567,1
-1.4903072730652254,0.2589873226823888,1
-1.1755319124211774,1.3378668324938754,1
-1.1746481198786864,0.41291312053165075,1
-1.9488863313597844,0.44465123446936916,1
-1.2590835731256478,0.8952442384072137,1
-0.8886999948080685,0.9780846396553458,1
-1.105473395098509,0.2683873071065266,1
-0.9515753665287345,1.4231259591888392,1
-1.3566536090180896,0.8908640510738125,1
-1.2178826756102417,1.301343314066226,1
-1.353023381155861,1.0801595346830957,1
-1.8356667489408962,-0.18575200519369822,1
-0.8742877119747251,0.8996368576986724,1
-1.409714460999741,0.8966064305649964,1
-1.2240141925767873,0.2873862714470269,1
-0.6256447591627721,2.0385002076918397,1
-1.3833856279489989,0.116400825396897,1
-1.3218801509948177,0.972120015441826,1
-1.1416825700247741,0.1914915507620544,1
-0.5476477956036993,1.6548874387153576,1
0.1935052223348444,2.5960794283880912,1
-0.3403400449075962,0.8225046508580734,1
-1.387446307027934,1.4332397765864806,1
-0.9849807133570899,0.9035100609215688,1
-0.2885701731860451,2.0169361453299235,1
-1.2129253958384438,0.5522665248350825,1
-1.4776241783023165,0.6581831666902062,1
-1.4086410458452159,1.7024475563034829,1
-0.5872716660953354,0.5855745198659057,1
-1.5960756216713055,0.13624864727544045,1
-0.3306416501840024,0.9679217000195336,1
-0.476803129780795,2.400936653130201,1
-1.4166339505494057,1.69958449966095,1
-1.0117526209279715,0.16956513850499386,1
-0.7689717221883833,1.3269030925426772,1
-1.614543223303676,-0.032118443614552496,1
-1.8133045680858344,-0.46926233660593114,1
-1.386063238319841,0.9632833840123392,1
-1.2467378768950654,0.14608561182431312,1
-0.7566959201368834,1.5831892126483313,1
-0.7967045021924761,0.7380965902050426,1
-1.8759295575362722,-0.22649067638154477,1
-0.013222679461765807,1.9647082353144742,1
-0.7896910537642947,1.4685953409356844,1
0.028000235461349027,2.5030713317254447,1
